どんなどのような時,何と言ったか,大丈夫かどうか
どうか恋人に女の子と飲み会に行くと言った時,心配だけど大丈夫。行っておいで。,
恋人に女の子と飲み会に行くと言った時,心配だけど大丈夫。行っておいで。,
恋人に女の子と飲み会に行くと言った時,心配だけど大丈夫。行っておいで。,
恋人に女の子と飲み会に行くと言った時,心配だけど大丈夫。行っておいで。,
恋人に女の子と飲み会に行くと言った時,心配だけど大丈夫。行っておいで。,
恋人に女の子と飲み会に行くと言った時,心配だけど大丈夫。行っておいで。,
恋人に女の子と飲み会に行くと言った時,心配だけど大丈夫。行っておいで。,5
恋人に女の子と飲み会に行くと言った時,心配だけど大丈夫。行っておいで。,
恋人に女の子と飲み会に行くと言った時,心配だけど大丈夫。行っておいで。,その他
サッカーする時,うーん。大丈夫。,
サッカーする時,うーん。大丈夫。,9
恋人に女の子と飲み会に行くと言った時,心配だけど大丈夫。行っておいで。,嫉妬
恋人に女の子と飲み会に行くと言った時,心配だけど大丈夫。行っておいで。,嫉妬
恋人に女の子と飲み会に行くと言った時,心配だけど大丈夫。行っておいで。,
恋人に女の子と飲み会に行くと言った時,心配だけど大丈夫。行っておいで。,
恋人に女の子と飲み会に行くと言った時,心配だけど大丈夫。行っておいで。,10
恋人に女の子と飲み会に行くと言った時,心配だけど大丈夫。行っておいで。,
恋人に女の子と飲み会に行くと言った時,心配だけど大丈夫。行っておいで。,
恋人に女の子と飲み会に行くと言った時,心配だけど大丈夫。行っておいで。,5
恋人に女の子と飲み会に行くと言った時,心配だけど大丈夫。行っておいで。,10
恋人に女の子と飲み会に行くと言った時,ドロドロになっても大丈夫！,9
恋人に女の子と飲み会に行くと言った時,心配だけど大丈夫。行っておいで。,
サッカーする時,ドロドロになっても大丈夫！,0
恋人に女の子と飲み会に行くと言った時,心配だけど大丈夫。行っておいで。,5
仕事の後に彼女との予定があったけど、キャンセルした時,仕方ないよね。大丈夫。,10
恋人に女の子と飲み会に行くと言った時,心配だけど大丈夫。行っておいで。,
恋人に女の子と飲み会に行くと言った時,心配だけど大丈夫。行っておいで。,
恋人に女の子と飲み会に行くと言った時,心配だけど大丈夫。行っておいで。,0
サッカーする時,ドロドロになっても大丈夫！,
サッカーする時,ドロドロになっても大丈夫！,0
恋人に女の子と飲み会に行くと言った時,うーん。大丈夫。,10
恋人に女の子と飲み会に行くと言った時,うーん。大丈夫。,
恋人に女の子と飲み会に行くと言った時,うーん。大丈夫。,5
恋人に女の子と飲み会に行くと言った時,心配だけど大丈夫。行っておいで。,
サッカーする時,うーん。大丈夫。,
サッカーする時,うーん。大丈夫。,
恋人に女の子と飲み会に行くと言った時,心配だけど大丈夫。行っておいで。,
恋人に女の子と飲み会に行くと言った時,うーん。大丈夫。,
恋人に女の子と飲み会に行くと言った時,うーん。大丈夫。,
恋人に女の子と飲み会に行くと言った時,うーん。大丈夫。,
fdafd,dfaga,
サッカーする時,ドロドロになっても大丈夫！,0
サッカーする時,ドロドロになっても大丈夫！,0
恋人に女の子と飲み会に行くと言った時,仕方ないよね。大丈夫。,5
サッカーする時,ドロドロになっても大丈夫！,0
恋人に女の子と飲み会に行くと言った時,心配だけど大丈夫。行っておいで。,
恋人に女の子と飲み会に行くと言った時,心配だけど大丈夫。行っておいで。,5
恋人に女の子と飲み会に行くと言った時,心配だけど大丈夫。行っておいで。,
恋人に女の子と飲み会に行くと言った時,心配だけど大丈夫。行っておいで。,
恋人に女の子と飲み会に行くと言った時,心配だけど大丈夫。行っておいで。,10
恋人に女の子と飲み会に行くと言った時,心配だけど大丈夫。行っておいで。,
恋人に女の子と飲み会に行くと言った時,心配だけど大丈夫。行っておいで。,
恋人に女の子と飲み会に行くと言った時,心配だけど大丈夫。行っておいで。,5
サッカーする時,ドロドロになっても大丈夫！,5
dagdsga,j°がjdが,
私が冷蔵庫のプリンを勝手に食べてしまった時,うーん。大丈夫。,3
彼女のおなかが痛そう,大丈夫だよ〜,
彼女のおなかが痛そう,大丈夫だよ〜,6
恋人に元カノのいる飲み会に行くと言った時,心配だけど大丈夫。行ってもいいよ。,5
私が冷蔵庫のプリンを勝手に食べてしまった時,まぁ大丈夫,
私が冷蔵庫のプリンを勝手に食べてしまった時,まぁ大丈夫,
私が冷蔵庫のプリンを勝手に食べてしまった時,まぁ大丈夫,
私が冷蔵庫のプリンを勝手に食べてしまった時,まぁ大丈夫,
私が冷蔵庫のプリンを勝手に食べてしまった時,まぁ大丈夫,3
彼女のおなかが痛そうで心配した時,うん。大丈夫だよ〜。,3
サッカーする時,ドロドロになっても大丈夫！,0
恋人に女の子と飲み会に行くと言った時,心配だけど大丈夫。行っておいで。,5
仕事の後に彼女との予定があったけど、キャンセルした時,仕方ないよね。大丈夫。,
仕事の後に彼女との予定があったけど、キャンセルした時,仕方ないよね。大丈夫。,4
私が冷蔵庫のプリンを勝手に食べてしまった時,大丈夫だよ〜,
私が冷蔵庫のプリンを勝手に食べてしまった時,大丈夫だよ〜,3
サッカーする時,ドロドロになっても大丈夫！,
サッカーする時,ドロドロになっても大丈夫！,0
恋人に女の子と飲み会に行くと言った時,心配だけど大丈夫。行っておいで。,
恋人に女の子と飲み会に行くと言った時,心配だけど大丈夫。行っておいで。,5
恋人に女の子と飲み会に行くと言った時,心配だけど大丈夫。行っておいで。,
恋人に女の子と飲み会に行くと言った時,うーん。大丈夫。,
恋人に女の子と飲み会に行くと言った時,うーん。大丈夫。,
サッカーする時,ドロドロになっても大丈夫！,0
私が冷蔵庫のプリンを勝手に食べてしまった時,うーん。大丈夫。,
私が冷蔵庫のプリンを勝手に食べてしまった時,うーん。大丈夫。,
私が冷蔵庫のプリンを勝手に食べてしまった時,うーん。大丈夫。,2
サッカーする時,ドロドロになっても大丈夫！,10
恋人に元カノのいる飲み会に行くと言った時,ちょっと嫌だけど大丈夫,
恋人に元カノのいる飲み会に行くと言った時,ちょっと嫌だけど大丈夫,5
恋人に女の子と飲み会に行くと言った時,心配だけど大丈夫。行っておいで。,
恋人に女の子と飲み会に行くと言った時,心配だけど大丈夫。行っておいで。,5
恋人に女の子と飲み会に行くと言った時,心配だけど大丈夫。行っておいで。,
恋人に女の子と飲み会に行くと言った時,心配だけど大丈夫。行っておいで。,
恋人に女の子と飲み会に行くと言った時,心配だけど大丈夫。行っておいで。,
恋人に女の子と飲み会に行くと言った時,心配だけど大丈夫。行っておいで。,
恋人に女の子と飲み会に行くと言った時,心配だけど大丈夫。行っておいで。,
恋人に女の子と飲み会に行くと言った時,心配だけど大丈夫。行っておいで。,
恋人に女の子と飲み会に行くと言った時,心配だけど大丈夫。行っておいで。,
恋人に女の子と飲み会に行くと言った時,心配だけど大丈夫。行っておいで。,
恋人に女の子と飲み会に行くと言った時,心配だけど大丈夫。行っておいで。,
恋人に女の子と飲み会に行くと言った時,心配だけど大丈夫。行っておいで。,
恋人に女の子と飲み会に行くと言った時,心配だけど大丈夫。行っておいで。,
恋人に女の子と飲み会に行くと言った時,心配だけど大丈夫。行っておいで。,10
恋人に女の子と飲み会に行くと言った時,心配だけど大丈夫。行っておいで。,
恋人に女の子と飲み会に行くと言った時,心配だけど大丈夫。行っておいで。,
恋人に女の子と飲み会に行くと言った時,心配だけど大丈夫。行っておいで。,
恋人に女の子と飲み会に行くと言った時,心配だけど大丈夫。行っておいで。,5
